{
    "name": "Global Information",
    "numberOfRequests": {
        "total": 1086381,
        "ok": 1086380,
        "ko": 1
    },
    "minResponseTime": {
        "total": 3,
        "ok": 3,
        "ko": 19
    },
    "maxResponseTime": {
        "total": 1704,
        "ok": 1704,
        "ko": 19
    },
    "meanResponseTime": {
        "total": 14,
        "ok": 14,
        "ko": 19
    },
    "standardDeviation": {
        "total": 24,
        "ok": 24,
        "ko": 0
    },
    "percentiles1": {
        "total": 10,
        "ok": 10,
        "ko": 19
    },
    "percentiles2": {
        "total": 12,
        "ok": 12,
        "ko": 19
    },
    "percentiles3": {
        "total": 44,
        "ok": 44,
        "ko": 19
    },
    "percentiles4": {
        "total": 77,
        "ok": 77,
        "ko": 19
    },
    "group1": {
    "name": "t < 800 ms",
    "count": 1086298,
    "percentage": 100
},
    "group2": {
    "name": "800 ms < t < 1200 ms",
    "count": 72,
    "percentage": 0
},
    "group3": {
    "name": "t > 1200 ms",
    "count": 10,
    "percentage": 0
},
    "group4": {
    "name": "failed",
    "count": 1,
    "percentage": 0
},
    "meanNumberOfRequestsPerSecond": {
        "total": 452.65875,
        "ok": 452.65833333333336,
        "ko": 4.166666666666667E-4
    }
}