{
    "name": "Global Information",
    "numberOfRequests": {
        "total": 729537,
        "ok": 729537,
        "ko": 0
    },
    "minResponseTime": {
        "total": 3,
        "ok": 3,
        "ko": 0
    },
    "maxResponseTime": {
        "total": 3562,
        "ok": 3562,
        "ko": 0
    },
    "meanResponseTime": {
        "total": 14,
        "ok": 14,
        "ko": 0
    },
    "standardDeviation": {
        "total": 30,
        "ok": 30,
        "ko": 0
    },
    "percentiles1": {
        "total": 9,
        "ok": 9,
        "ko": 0
    },
    "percentiles2": {
        "total": 11,
        "ok": 11,
        "ko": 0
    },
    "percentiles3": {
        "total": 42,
        "ok": 42,
        "ko": 0
    },
    "percentiles4": {
        "total": 71,
        "ok": 71,
        "ko": 0
    },
    "group1": {
    "name": "t < 800 ms",
    "count": 729366,
    "percentage": 100
},
    "group2": {
    "name": "800 ms < t < 1200 ms",
    "count": 146,
    "percentage": 0
},
    "group3": {
    "name": "t > 1200 ms",
    "count": 25,
    "percentage": 0
},
    "group4": {
    "name": "failed",
    "count": 0,
    "percentage": 0
},
    "meanNumberOfRequestsPerSecond": {
        "total": 303.97375,
        "ok": 303.97375,
        "ko": 0
    }
}